"city","year","type","value"
"London","2001","RCI",0.218366
"London","2001","RCI",0.217664
"London","2001","RCI",0.217665
"London","2001","RCI",0.217734
"London","2001","RCI",0.218262
"London","2001","RCI",0.217983
"London","2001","RCI",0.217919
"London","2001","RCI",0.217491
"London","2001","RCI",0.217474
"London","2001","RCI",0.217957
"London","2001","RCI",0.217766
"London","2001","RCI",0.218993
"London","2001","RCI",0.218131
"London","2001","RCI",0.217822
"London","2001","RCI",0.217513
"London","2001","RCI",0.217526
"London","2001","RCI",0.217843
"London","2001","RCI",0.218087
"London","2001","RCI",0.218133
"London","2001","RCI",0.217734
"London","2001","RCI",0.217303
"London","2001","RCI",0.218129
"London","2001","RCI",0.218022
"London","2001","RCI",0.218401
"London","2001","RCI",0.217703
"London","2001","RCI",0.218287
"London","2001","RCI",0.218265
"London","2001","RCI",0.217756
"London","2001","RCI",0.217878
"London","2001","RCI",0.217623
"London","2001","RCI",0.218172
"London","2001","RCI",0.218279
"London","2001","RCI",0.21803
"London","2001","RCI",0.217509
"London","2001","RCI",0.217763
"London","2001","RCI",0.218018
"London","2001","RCI",0.217726
"London","2001","RCI",0.218043
"London","2001","RCI",0.217868
"London","2001","RCI",0.217896
"London","2001","RCI",0.217739
"London","2001","RCI",0.217532
"London","2001","RCI",0.218211
"London","2001","RCI",0.218438
"London","2001","RCI",0.217428
"London","2001","RCI",0.217988
"London","2001","RCI",0.218736
"London","2001","RCI",0.218617
"London","2001","RCI",0.218438
"London","2001","RCI",0.217727
"London","2001","RCI",0.217366
"London","2001","RCI",0.218197
"London","2001","RCI",0.218074
"London","2001","RCI",0.217816
"London","2001","RCI",0.217987
"London","2001","RCI",0.217985
"London","2001","RCI",0.217736
"London","2001","RCI",0.21801
"London","2001","RCI",0.217714
"London","2001","RCI",0.218042
"London","2001","RCI",0.217958
"London","2001","RCI",0.217248
"London","2001","RCI",0.218157
"London","2001","RCI",0.218256
"London","2001","RCI",0.217548
"London","2001","RCI",0.217612
"London","2001","RCI",0.217632
"London","2001","RCI",0.218151
"London","2001","RCI",0.218184
"London","2001","RCI",0.21725
"London","2001","RCI",0.217699
"London","2001","RCI",0.217387
"London","2001","RCI",0.217363
"London","2001","RCI",0.217582
"London","2001","RCI",0.218096
"London","2001","RCI",0.217124
"London","2001","RCI",0.218132
"London","2001","RCI",0.218068
"London","2001","RCI",0.218068
"London","2001","RCI",0.218232
"London","2001","RCI",0.217716
"London","2001","RCI",0.218052
"London","2001","RCI",0.218157
"London","2001","RCI",0.218029
"London","2001","RCI",0.217963
"London","2001","RCI",0.218187
"London","2001","RCI",0.218231
"London","2001","RCI",0.218467
"London","2001","RCI",0.218322
"London","2001","RCI",0.218021
"London","2001","RCI",0.21798
"London","2001","RCI",0.217199
"London","2001","RCI",0.217892
"London","2001","RCI",0.217449
"London","2001","RCI",0.217808
"London","2001","RCI",0.21735
"London","2001","RCI",0.217804
"London","2001","RCI",0.217677
"London","2001","RCI",0.217054
"London","2001","RCI",0.218106
"London","2001","RCI",0.218302
"London","2001","RCI",0.217108
"London","2001","RCI",0.216989
"London","2001","RCI",0.217568
"London","2001","RCI",0.218197
"London","2001","RCI",0.217791
"London","2001","RCI",0.218369
"London","2001","RCI",0.218004
"London","2001","RCI",0.217826
"London","2001","RCI",0.218065
"London","2001","RCI",0.217871
"London","2001","RCI",0.217843
"London","2001","RCI",0.217804
"London","2001","RCI",0.217731
"London","2001","RCI",0.218307
"London","2001","RCI",0.217371
"London","2001","RCI",0.217909
"London","2001","RCI",0.217725
"London","2001","RCI",0.218553
"London","2001","RCI",0.21759
"London","2001","RCI",0.217606
"London","2001","RCI",0.218109
"London","2001","RCI",0.217638
"London","2001","RCI",0.218227
"London","2001","RCI",0.218214
"London","2001","RCI",0.21798
"London","2001","RCI",0.21857
"London","2001","RCI",0.218342
"London","2001","RCI",0.218758
"London","2001","RCI",0.218342
"London","2001","RCI",0.21843
"London","2001","RCI",0.218358
"London","2001","RCI",0.218177
"London","2001","RCI",0.218355
"London","2001","RCI",0.217894
"London","2001","RCI",0.218534
"London","2001","RCI",0.218136
"London","2001","RCI",0.217798
"London","2001","RCI",0.217784
"London","2001","RCI",0.217646
"London","2001","RCI",0.217667
"London","2001","RCI",0.217197
"London","2001","RCI",0.217323
"London","2001","RCI",0.217248
"London","2001","RCI",0.21751
"London","2001","RCI",0.217099
"London","2001","RCI",0.217526
"London","2001","RCI",0.217903
"London","2001","RCI",0.217977
"London","2001","RCI",0.217434
"London","2001","RCI",0.218259
"London","2001","RCI",0.218354
"London","2001","RCI",0.217822
"London","2001","RCI",0.217195
"London","2001","RCI",0.217971
"London","2001","RCI",0.217687
"London","2001","RCI",0.217681
"London","2001","RCI",0.217531
"London","2001","RCI",0.217939
"London","2001","RCI",0.217825
"London","2001","RCI",0.217912
"London","2001","RCI",0.217896
"London","2001","RCI",0.217597
"London","2001","RCI",0.217527
"London","2001","RCI",0.21787
"London","2001","RCI",0.218359
"London","2001","RCI",0.218365
"London","2001","RCI",0.218107
"London","2001","RCI",0.217819
"London","2001","RCI",0.217856
"London","2001","RCI",0.217568
"London","2001","RCI",0.217491
"London","2001","RCI",0.218393
"London","2001","RCI",0.217927
"London","2001","RCI",0.217894
"London","2001","RCI",0.218627
"London","2001","RCI",0.218263
"London","2001","RCI",0.218173
"London","2001","RCI",0.218112
"London","2001","RCI",0.218822
"London","2001","RCI",0.217921
"London","2001","RCI",0.217444
"London","2001","RCI",0.217562
"London","2001","RCI",0.218176
"London","2001","RCI",0.218336
"London","2001","RCI",0.218121
"London","2001","RCI",0.218103
"London","2001","RCI",0.218512
"London","2001","RCI",0.218316
"London","2001","RCI",0.217418
"London","2001","RCI",0.217556
"London","2001","RCI",0.218272
"London","2001","RCI",0.21831
"London","2001","RCI",0.21795
"London","2001","RCI",0.217746
"London","2001","RCI",0.217762
"London","2001","RCI",0.217699
"London","2001","RCI",0.217904
"London","2001","RCI",0.217869
"London","2001","RCI",0.217904
"London","2001","RCI",0.217828
"London","2001","RCI",0.217856
"London","2001","RCI",0.217946
"London","2001","RCI",0.217833
"London","2001","RCI",0.218128
"London","2001","RCI",0.218117
"London","2001","RCI",0.217922
"London","2001","RCI",0.217752
"London","2001","RCI",0.21737
"London","2001","RCI",0.218266
"London","2001","RCI",0.218528
"London","2001","RCI",0.218026
"London","2001","RCI",0.217812
"London","2001","RCI",0.218076
"London","2001","RCI",0.218221
"London","2001","RCI",0.217896
"London","2001","RCI",0.218067
"London","2001","RCI",0.218085
"London","2001","RCI",0.217841
"London","2001","RCI",0.217849
"London","2001","RCI",0.21813
"London","2001","RCI",0.217535
"London","2001","RCI",0.217496
"London","2001","RCI",0.217502
"London","2001","RCI",0.218011
"London","2001","RCI",0.217835
"London","2001","RCI",0.217719
"London","2001","RCI",0.21833
"London","2001","RCI",0.2177
"London","2001","RCI",0.217846
"London","2001","RCI",0.218334
"London","2001","RCI",0.217885
"London","2001","RCI",0.217552
"London","2001","RCI",0.218778
"London","2001","RCI",0.218008
"London","2001","RCI",0.217321
"London","2001","RCI",0.21796
"London","2001","RCI",0.217411
"London","2001","RCI",0.217756
"London","2001","RCI",0.21765
"London","2001","RCI",0.217923
"London","2001","RCI",0.218251
"London","2001","RCI",0.217485
"London","2001","RCI",0.218359
"London","2001","RCI",0.217533
"London","2001","RCI",0.217611
"London","2001","RCI",0.217828
"London","2001","RCI",0.218211
"London","2001","RCI",0.217436
"London","2001","RCI",0.218428
"London","2001","RCI",0.217966
"London","2001","RCI",0.217354
"London","2001","RCI",0.217578
"London","2001","RCI",0.218275
"London","2001","RCI",0.217993
"London","2001","RCI",0.217909
"London","2001","RCI",0.21739
"London","2001","RCI",0.217631
"London","2001","RCI",0.217745
"London","2001","RCI",0.217587
"London","2001","RCI",0.218079
"London","2001","RCI",0.217978
"London","2001","RCI",0.217919
"London","2001","RCI",0.217737
"London","2001","RCI",0.217301
"London","2001","RCI",0.217223
"London","2001","RCI",0.217555
"London","2001","RCI",0.217854
"London","2001","RCI",0.217821
"London","2001","RCI",0.217594
"London","2001","RCI",0.218086
"London","2001","RCI",0.21758
"London","2001","RCI",0.217717
"London","2001","RCI",0.218068
"London","2001","RCI",0.218025
"London","2001","RCI",0.217348
"London","2001","RCI",0.217587
"London","2001","RCI",0.217821
"London","2001","RCI",0.217887
"London","2001","RCI",0.218192
"London","2001","RCI",0.218326
"London","2001","RCI",0.218124
"London","2001","RCI",0.217683
"London","2001","RCI",0.217667
"London","2001","RCI",0.217877
"London","2001","RCI",0.217901
"London","2001","RCI",0.21773
"London","2001","RCI",0.216975
"London","2001","RCI",0.217495
"London","2001","RCI",0.218447
"London","2001","RCI",0.21765
"London","2001","RCI",0.217791
"London","2001","RCI",0.218323
"London","2001","RCI",0.217601
"London","2001","RCI",0.217415
"London","2001","RCI",0.218244
"London","2001","RCI",0.218095
"London","2001","RCI",0.217388
"London","2001","RCI",0.217469
"London","2001","RCI",0.217536
"London","2001","RCI",0.217804
"London","2001","RCI",0.218189
"London","2001","RCI",0.218472
"London","2001","RCI",0.21789
"London","2001","RCI",0.218077
"London","2001","RCI",0.21735
"London","2001","RCI",0.217799
"London","2001","RCI",0.217342
"London","2001","RCI",0.21771
"London","2001","RCI",0.217913
"London","2001","RCI",0.218297
"London","2001","RCI",0.21806
"London","2001","RCI",0.21713
"London","2001","RCI",0.217729
"London","2001","RCI",0.218092
"London","2001","RCI",0.21765
"London","2001","RCI",0.217827
"London","2001","RCI",0.217636
"London","2001","RCI",0.217917
"London","2001","RCI",0.217785
"London","2001","RCI",0.218179
"London","2001","RCI",0.218111
"London","2001","RCI",0.218061
"London","2001","RCI",0.218226
"London","2001","RCI",0.218523
"London","2001","RCI",0.217676
"London","2001","RCI",0.217431
"London","2001","RCI",0.217877
"London","2001","RCI",0.218279
"London","2001","RCI",0.218344
"London","2001","RCI",0.217899
"London","2001","RCI",0.217885
"London","2001","RCI",0.218529
"London","2001","RCI",0.218464
"London","2001","RCI",0.217061
"London","2001","RCI",0.217558
"London","2001","RCI",0.218086
"London","2001","RCI",0.217841
"London","2001","RCI",0.217638
"London","2001","RCI",0.2182
"London","2001","RCI",0.218356
"London","2001","RCI",0.21803
"London","2001","RCI",0.21789
"London","2001","RCI",0.218314
"London","2001","RCI",0.218065
"London","2001","RCI",0.218088
"London","2001","RCI",0.217911
"London","2001","RCI",0.218513
"London","2001","RCI",0.218233
"London","2001","RCI",0.218059
"London","2001","RCI",0.217838
"London","2001","RCI",0.218641
"London","2001","RCI",0.218745
"London","2001","RCI",0.218337
"London","2001","RCI",0.217776
"London","2001","RCI",0.217867
"London","2001","RCI",0.218002
"London","2001","RCI",0.218318
"London","2001","RCI",0.218147
"London","2001","RCI",0.218382
"London","2001","RCI",0.217876
"London","2001","RCI",0.217941
"London","2001","RCI",0.218076
"London","2001","RCI",0.218217
"London","2001","RCI",0.217773
"London","2001","RCI",0.218278
"London","2001","RCI",0.217998
"London","2001","RCI",0.217406
"London","2001","RCI",0.218074
"London","2001","RCI",0.217976
"London","2001","RCI",0.218566
"London","2001","RCI",0.218151
"London","2001","RCI",0.218201
"London","2001","RCI",0.217174
"London","2001","RCI",0.218383
"London","2001","RCI",0.217696
"London","2001","RCI",0.218165
"London","2001","RCI",0.217479
"London","2001","RCI",0.217918
"London","2001","RCI",0.217411
"London","2001","RCI",0.217937
"London","2001","RCI",0.217774
"London","2001","RCI",0.218039
"London","2001","RCI",0.217901
"London","2001","RCI",0.218535
"London","2001","RCI",0.218199
"London","2001","RCI",0.218423
"London","2001","RCI",0.218206
"London","2001","RCI",0.218269
"London","2001","RCI",0.218409
"London","2001","RCI",0.218325
"London","2001","RCI",0.217787
"London","2001","RCI",0.218224
"London","2001","RCI",0.217944
"London","2001","RCI",0.217535
"London","2001","RCI",0.21739
"London","2001","RCI",0.21812
"London","2001","RCI",0.21791
"London","2001","RCI",0.217367
"London","2001","RCI",0.217525
"London","2001","RCI",0.217986
"London","2001","RCI",0.217599
"London","2001","RCI",0.217775
"London","2001","RCI",0.218003
"London","2001","RCI",0.217251
"London","2001","RCI",0.217871
"London","2001","RCI",0.217673
"London","2001","RCI",0.217763
"London","2001","RCI",0.218258
"London","2001","RCI",0.218027
"London","2001","RCI",0.217855
"London","2001","RCI",0.218634
"London","2001","RCI",0.218103
"London","2001","RCI",0.218342
"London","2001","RCI",0.218383
"London","2001","RCI",0.218158
"London","2001","RCI",0.217718
"London","2001","RCI",0.218172
"London","2001","RCI",0.218928
"London","2001","RCI",0.217945
"London","2001","RCI",0.217218
"London","2001","RCI",0.217835
"London","2001","RCI",0.218353
"London","2001","RCI",0.218163
"London","2001","RCI",0.218314
"London","2001","RCI",0.217735
"London","2001","RCI",0.218296
"London","2001","RCI",0.21814
"London","2001","RCI",0.217962
"London","2001","RCI",0.218043
"London","2001","RCI",0.217841
"London","2001","RCI",0.21762
"London","2001","RCI",0.21796
"London","2001","RCI",0.217717
"London","2001","RCI",0.217643
"London","2001","RCI",0.21771
"London","2001","RCI",0.217806
"London","2001","RCI",0.21757
"London","2001","RCI",0.217428
"London","2001","RCI",0.217979
"London","2001","RCI",0.218247
"London","2001","RCI",0.217623
"London","2001","RCI",0.217969
"London","2001","RCI",0.218103
"London","2001","RCI",0.218012
"London","2001","RCI",0.218321
"London","2001","RCI",0.21862
"London","2001","RCI",0.218214
"London","2001","RCI",0.218125
"London","2001","RCI",0.217485
"London","2001","RCI",0.217431
"London","2001","RCI",0.217275
"London","2001","RCI",0.21784
"London","2001","RCI",0.217637
"London","2001","RCI",0.217157
"London","2001","RCI",0.218165
"London","2001","RCI",0.217727
"London","2001","RCI",0.217359
"London","2001","RCI",0.2174
"London","2001","RCI",0.217862
"London","2001","RCI",0.217979
"London","2001","RCI",0.218224
"London","2001","RCI",0.217187
"London","2001","RCI",0.217631
"London","2001","RCI",0.218061
"London","2001","RCI",0.217748
"London","2001","RCI",0.218231
"London","2001","RCI",0.218059
"London","2001","RCI",0.218122
"London","2001","RCI",0.218641
"London","2001","RCI",0.217685
"London","2001","RCI",0.217507
"London","2001","RCI",0.217595
"London","2001","RCI",0.21756
"London","2001","RCI",0.217966
"London","2001","RCI",0.217516
"London","2001","RCI",0.217611
"London","2001","RCI",0.217648
"London","2001","RCI",0.21786
"London","2001","RCI",0.217307
"London","2001","RCI",0.217846
"London","2001","RCI",0.217446
"London","2001","RCI",0.218297
"London","2001","RCI",0.218263
"London","2001","RCI",0.218892
"London","2001","RCI",0.218605
"London","2001","RCI",0.219007
"London","2001","RCI",0.21794
"London","2001","RCI",0.21743
"London","2001","RCI",0.218344
"London","2001","RCI",0.217914
"London","2001","RCI",0.218001
"London","2001","RCI",0.217382
"London","2001","RCI",0.217755
"London","2001","RCI",0.217798
"London","2001","RCI",0.217883
"London","2001","RCI",0.218656
"London","2001","RCI",0.218238
"London","2001","RCI",0.218143
"London","2001","RCI",0.218354
"London","2011","RCI",0.189399
"London","2011","RCI",0.188836
"London","2011","RCI",0.188909
"London","2011","RCI",0.189088
"London","2011","RCI",0.188889
"London","2011","RCI",0.189296
"London","2011","RCI",0.188934
"London","2011","RCI",0.189396
"London","2011","RCI",0.189401
"London","2011","RCI",0.189081
"London","2011","RCI",0.189309
"London","2011","RCI",0.189329
"London","2011","RCI",0.188479
"London","2011","RCI",0.18861
"London","2011","RCI",0.188577
"London","2011","RCI",0.188779
"London","2011","RCI",0.189409
"London","2011","RCI",0.189108
"London","2011","RCI",0.188915
"London","2011","RCI",0.188629
"London","2011","RCI",0.188735
"London","2011","RCI",0.189379
"London","2011","RCI",0.189092
"London","2011","RCI",0.189206
"London","2011","RCI",0.189226
"London","2011","RCI",0.188864
"London","2011","RCI",0.189055
"London","2011","RCI",0.188778
"London","2011","RCI",0.189062
"London","2011","RCI",0.188811
"London","2011","RCI",0.189308
"London","2011","RCI",0.189588
"London","2011","RCI",0.189517
"London","2011","RCI",0.189144
"London","2011","RCI",0.189811
"London","2011","RCI",0.189755
"London","2011","RCI",0.189254
"London","2011","RCI",0.189587
"London","2011","RCI",0.189072
"London","2011","RCI",0.189706
"London","2011","RCI",0.189771
"London","2011","RCI",0.189443
"London","2011","RCI",0.189521
"London","2011","RCI",0.189474
"London","2011","RCI",0.188963
"London","2011","RCI",0.188928
"London","2011","RCI",0.189078
"London","2011","RCI",0.188859
"London","2011","RCI",0.189041
"London","2011","RCI",0.188942
"London","2011","RCI",0.188367
"London","2011","RCI",0.18919
"London","2011","RCI",0.189279
"London","2011","RCI",0.18942
"London","2011","RCI",0.18936
"London","2011","RCI",0.18964
"London","2011","RCI",0.188556
"London","2011","RCI",0.189225
"London","2011","RCI",0.18911
"London","2011","RCI",0.189463
"London","2011","RCI",0.18948
"London","2011","RCI",0.189146
"London","2011","RCI",0.189329
"London","2011","RCI",0.189956
"London","2011","RCI",0.189475
"London","2011","RCI",0.189105
"London","2011","RCI",0.188461
"London","2011","RCI",0.189335
"London","2011","RCI",0.189941
"London","2011","RCI",0.189977
"London","2011","RCI",0.19005
"London","2011","RCI",0.189299
"London","2011","RCI",0.189508
"London","2011","RCI",0.18903
"London","2011","RCI",0.18958
"London","2011","RCI",0.18902
"London","2011","RCI",0.189036
"London","2011","RCI",0.189302
"London","2011","RCI",0.189351
"London","2011","RCI",0.189778
"London","2011","RCI",0.189325
"London","2011","RCI",0.189443
"London","2011","RCI",0.189446
"London","2011","RCI",0.18923
"London","2011","RCI",0.188466
"London","2011","RCI",0.189539
"London","2011","RCI",0.189139
"London","2011","RCI",0.189152
"London","2011","RCI",0.189242
"London","2011","RCI",0.189004
"London","2011","RCI",0.18884
"London","2011","RCI",0.189263
"London","2011","RCI",0.189349
"London","2011","RCI",0.189154
"London","2011","RCI",0.189449
"London","2011","RCI",0.189629
"London","2011","RCI",0.189136
"London","2011","RCI",0.189732
"London","2011","RCI",0.189174
"London","2011","RCI",0.189495
"London","2011","RCI",0.189681
"London","2011","RCI",0.189506
"London","2011","RCI",0.189462
"London","2011","RCI",0.189579
"London","2011","RCI",0.189562
"London","2011","RCI",0.189396
"London","2011","RCI",0.189499
"London","2011","RCI",0.189264
"London","2011","RCI",0.189036
"London","2011","RCI",0.189263
"London","2011","RCI",0.189751
"London","2011","RCI",0.189732
"London","2011","RCI",0.189435
"London","2011","RCI",0.189099
"London","2011","RCI",0.188707
"London","2011","RCI",0.18916
"London","2011","RCI",0.189687
"London","2011","RCI",0.189152
"London","2011","RCI",0.189411
"London","2011","RCI",0.189267
"London","2011","RCI",0.189101
"London","2011","RCI",0.189029
"London","2011","RCI",0.18916
"London","2011","RCI",0.189519
"London","2011","RCI",0.189188
"London","2011","RCI",0.188977
"London","2011","RCI",0.18935
"London","2011","RCI",0.189251
"London","2011","RCI",0.188906
"London","2011","RCI",0.189033
"London","2011","RCI",0.189077
"London","2011","RCI",0.18909
"London","2011","RCI",0.189411
"London","2011","RCI",0.188829
"London","2011","RCI",0.188748
"London","2011","RCI",0.189623
"London","2011","RCI",0.188927
"London","2011","RCI",0.188768
"London","2011","RCI",0.188976
"London","2011","RCI",0.18918
"London","2011","RCI",0.189625
"London","2011","RCI",0.189256
"London","2011","RCI",0.18952
"London","2011","RCI",0.188776
"London","2011","RCI",0.18914
"London","2011","RCI",0.189445
"London","2011","RCI",0.189387
"London","2011","RCI",0.189705
"London","2011","RCI",0.189328
"London","2011","RCI",0.188916
"London","2011","RCI",0.189376
"London","2011","RCI",0.189458
"London","2011","RCI",0.189478
"London","2011","RCI",0.189342
"London","2011","RCI",0.189716
"London","2011","RCI",0.188986
"London","2011","RCI",0.189198
"London","2011","RCI",0.188967
"London","2011","RCI",0.188981
"London","2011","RCI",0.189909
"London","2011","RCI",0.189427
"London","2011","RCI",0.189481
"London","2011","RCI",0.189817
"London","2011","RCI",0.189081
"London","2011","RCI",0.189179
"London","2011","RCI",0.188795
"London","2011","RCI",0.189273
"London","2011","RCI",0.189681
"London","2011","RCI",0.18962
"London","2011","RCI",0.189228
"London","2011","RCI",0.189214
"London","2011","RCI",0.188913
"London","2011","RCI",0.18904
"London","2011","RCI",0.188741
"London","2011","RCI",0.188341
"London","2011","RCI",0.189224
"London","2011","RCI",0.189487
"London","2011","RCI",0.188598
"London","2011","RCI",0.189484
"London","2011","RCI",0.189655
"London","2011","RCI",0.189365
"London","2011","RCI",0.189098
"London","2011","RCI",0.18907
"London","2011","RCI",0.18925
"London","2011","RCI",0.189731
"London","2011","RCI",0.1895
"London","2011","RCI",0.189027
"London","2011","RCI",0.189303
"London","2011","RCI",0.189117
"London","2011","RCI",0.188808
"London","2011","RCI",0.189458
"London","2011","RCI",0.189591
"London","2011","RCI",0.188733
"London","2011","RCI",0.189096
"London","2011","RCI",0.189577
"London","2011","RCI",0.189761
"London","2011","RCI",0.189286
"London","2011","RCI",0.18924
"London","2011","RCI",0.189775
"London","2011","RCI",0.189006
"London","2011","RCI",0.188839
"London","2011","RCI",0.189561
"London","2011","RCI",0.189518
"London","2011","RCI",0.188818
"London","2011","RCI",0.189275
"London","2011","RCI",0.189298
"London","2011","RCI",0.188722
"London","2011","RCI",0.188747
"London","2011","RCI",0.189206
"London","2011","RCI",0.189169
"London","2011","RCI",0.189215
"London","2011","RCI",0.188864
"London","2011","RCI",0.18919
"London","2011","RCI",0.188988
"London","2011","RCI",0.189342
"London","2011","RCI",0.188816
"London","2011","RCI",0.189191
"London","2011","RCI",0.189295
"London","2011","RCI",0.189439
"London","2011","RCI",0.189644
"London","2011","RCI",0.189642
"London","2011","RCI",0.188782
"London","2011","RCI",0.18863
"London","2011","RCI",0.189413
"London","2011","RCI",0.189436
"London","2011","RCI",0.189805
"London","2011","RCI",0.188835
"London","2011","RCI",0.189049
"London","2011","RCI",0.18892
"London","2011","RCI",0.18857
"London","2011","RCI",0.188938
"London","2011","RCI",0.189082
"London","2011","RCI",0.188498
"London","2011","RCI",0.189565
"London","2011","RCI",0.189171
"London","2011","RCI",0.18891
"London","2011","RCI",0.189277
"London","2011","RCI",0.188809
"London","2011","RCI",0.189315
"London","2011","RCI",0.189374
"London","2011","RCI",0.188939
"London","2011","RCI",0.189599
"London","2011","RCI",0.18893
"London","2011","RCI",0.189577
"London","2011","RCI",0.188908
"London","2011","RCI",0.18953
"London","2011","RCI",0.189024
"London","2011","RCI",0.189851
"London","2011","RCI",0.189421
"London","2011","RCI",0.189481
"London","2011","RCI",0.189182
"London","2011","RCI",0.188883
"London","2011","RCI",0.189301
"London","2011","RCI",0.189309
"London","2011","RCI",0.189191
"London","2011","RCI",0.189548
"London","2011","RCI",0.189777
"London","2011","RCI",0.18962
"London","2011","RCI",0.190184
"London","2011","RCI",0.189484
"London","2011","RCI",0.189407
"London","2011","RCI",0.189064
"London","2011","RCI",0.188967
"London","2011","RCI",0.189116
"London","2011","RCI",0.189109
"London","2011","RCI",0.189666
"London","2011","RCI",0.189558
"London","2011","RCI",0.189034
"London","2011","RCI",0.188995
"London","2011","RCI",0.188574
"London","2011","RCI",0.189466
"London","2011","RCI",0.189092
"London","2011","RCI",0.18952
"London","2011","RCI",0.189566
"London","2011","RCI",0.189286
"London","2011","RCI",0.18922
"London","2011","RCI",0.189187
"London","2011","RCI",0.189492
"London","2011","RCI",0.189368
"London","2011","RCI",0.188844
"London","2011","RCI",0.189589
"London","2011","RCI",0.189414
"London","2011","RCI",0.188621
"London","2011","RCI",0.189482
"London","2011","RCI",0.18933
"London","2011","RCI",0.189145
"London","2011","RCI",0.189648
"London","2011","RCI",0.189524
"London","2011","RCI",0.189534
"London","2011","RCI",0.189472
"London","2011","RCI",0.188863
"London","2011","RCI",0.188908
"London","2011","RCI",0.189408
"London","2011","RCI",0.189042
"London","2011","RCI",0.188984
"London","2011","RCI",0.189503
"London","2011","RCI",0.189216
"London","2011","RCI",0.189049
"London","2011","RCI",0.189271
"London","2011","RCI",0.189123
"London","2011","RCI",0.189693
"London","2011","RCI",0.189912
"London","2011","RCI",0.189254
"London","2011","RCI",0.189021
"London","2011","RCI",0.189481
"London","2011","RCI",0.188779
"London","2011","RCI",0.189678
"London","2011","RCI",0.189717
"London","2011","RCI",0.189256
"London","2011","RCI",0.189111
"London","2011","RCI",0.189507
"London","2011","RCI",0.189824
"London","2011","RCI",0.189289
"London","2011","RCI",0.189494
"London","2011","RCI",0.189314
"London","2011","RCI",0.189406
"London","2011","RCI",0.189483
"London","2011","RCI",0.189153
"London","2011","RCI",0.189045
"London","2011","RCI",0.188975
"London","2011","RCI",0.189151
"London","2011","RCI",0.189029
"London","2011","RCI",0.188635
"London","2011","RCI",0.188834
"London","2011","RCI",0.188749
"London","2011","RCI",0.189496
"London","2011","RCI",0.188738
"London","2011","RCI",0.189022
"London","2011","RCI",0.189259
"London","2011","RCI",0.189179
"London","2011","RCI",0.189753
"London","2011","RCI",0.188479
"London","2011","RCI",0.189167
"London","2011","RCI",0.189382
"London","2011","RCI",0.189417
"London","2011","RCI",0.190006
"London","2011","RCI",0.189627
"London","2011","RCI",0.189724
"London","2011","RCI",0.189282
"London","2011","RCI",0.189302
"London","2011","RCI",0.189278
"London","2011","RCI",0.189388
"London","2011","RCI",0.188837
"London","2011","RCI",0.188578
"London","2011","RCI",0.188951
"London","2011","RCI",0.189074
"London","2011","RCI",0.189224
"London","2011","RCI",0.189108
"London","2011","RCI",0.189553
"London","2011","RCI",0.188651
"London","2011","RCI",0.188618
"London","2011","RCI",0.189523
"London","2011","RCI",0.18993
"London","2011","RCI",0.189123
"London","2011","RCI",0.189328
"London","2011","RCI",0.189447
"London","2011","RCI",0.189641
"London","2011","RCI",0.189415
"London","2011","RCI",0.189916
"London","2011","RCI",0.1896
"London","2011","RCI",0.188348
"London","2011","RCI",0.189111
"London","2011","RCI",0.189506
"London","2011","RCI",0.189628
"London","2011","RCI",0.189118
"London","2011","RCI",0.189314
"London","2011","RCI",0.18915
"London","2011","RCI",0.189225
"London","2011","RCI",0.188926
"London","2011","RCI",0.188531
"London","2011","RCI",0.188831
"London","2011","RCI",0.18948
"London","2011","RCI",0.189862
"London","2011","RCI",0.189356
"London","2011","RCI",0.18924
"London","2011","RCI",0.189113
"London","2011","RCI",0.188994
"London","2011","RCI",0.189029
"London","2011","RCI",0.189315
"London","2011","RCI",0.189454
"London","2011","RCI",0.189311
"London","2011","RCI",0.189203
"London","2011","RCI",0.190253
"London","2011","RCI",0.189388
"London","2011","RCI",0.18885
"London","2011","RCI",0.189142
"London","2011","RCI",0.188976
"London","2011","RCI",0.189637
"London","2011","RCI",0.189041
"London","2011","RCI",0.189063
"London","2011","RCI",0.188762
"London","2011","RCI",0.18878
"London","2011","RCI",0.189502
"London","2011","RCI",0.19009
"London","2011","RCI",0.189456
"London","2011","RCI",0.18898
"London","2011","RCI",0.189305
"London","2011","RCI",0.189289
"London","2011","RCI",0.189012
"London","2011","RCI",0.189898
"London","2011","RCI",0.188891
"London","2011","RCI",0.188722
"London","2011","RCI",0.188849
"London","2011","RCI",0.189772
"London","2011","RCI",0.188848
"London","2011","RCI",0.189216
"London","2011","RCI",0.18897
"London","2011","RCI",0.189547
"London","2011","RCI",0.189549
"London","2011","RCI",0.189243
"London","2011","RCI",0.188571
"London","2011","RCI",0.189366
"London","2011","RCI",0.188888
"London","2011","RCI",0.189384
"London","2011","RCI",0.189411
"London","2011","RCI",0.188969
"London","2011","RCI",0.189195
"London","2011","RCI",0.189406
"London","2011","RCI",0.189634
"London","2011","RCI",0.189485
"London","2011","RCI",0.189458
"London","2011","RCI",0.189392
"London","2011","RCI",0.189033
"London","2011","RCI",0.189563
"London","2011","RCI",0.189185
"London","2011","RCI",0.189057
"London","2011","RCI",0.188935
"London","2011","RCI",0.189402
"London","2011","RCI",0.189046
"London","2011","RCI",0.188802
"London","2011","RCI",0.189587
"London","2011","RCI",0.189313
"London","2011","RCI",0.189621
"London","2011","RCI",0.189895
"London","2011","RCI",0.189483
"London","2011","RCI",0.189038
"London","2011","RCI",0.189312
"London","2011","RCI",0.189152
"London","2011","RCI",0.188914
"London","2011","RCI",0.189143
"London","2011","RCI",0.189674
"London","2011","RCI",0.188896
"London","2011","RCI",0.188865
"London","2011","RCI",0.189091
"London","2011","RCI",0.188698
"London","2011","RCI",0.188788
"London","2011","RCI",0.188893
"London","2011","RCI",0.189209
"London","2011","RCI",0.189502
"London","2011","RCI",0.189776
"London","2011","RCI",0.189717
"London","2011","RCI",0.189034
"London","2011","RCI",0.189375
"London","2011","RCI",0.189285
"London","2011","RCI",0.188739
"London","2011","RCI",0.189773
"London","2011","RCI",0.189073
"London","2011","RCI",0.18962
"London","2011","RCI",0.189777
"London","2011","RCI",0.189749
"London","2011","RCI",0.189211
"London","2011","RCI",0.189686
"London","2011","RCI",0.188737
"London","2011","RCI",0.1891
"London","2011","RCI",0.18887
"London","2011","RCI",0.188854
"London","2011","RCI",0.189362
"London","2011","RCI",0.189171
"London","2011","RCI",0.188746
"London","2011","RCI",0.189033
"London","2011","RCI",0.189068
"London","2011","RCI",0.189114
"London","2011","RCI",0.189219
"London","2011","RCI",0.18927
"London","2011","RCI",0.189331
"London","2011","RCI",0.189225
"London","2011","RCI",0.189153
"London","2011","RCI",0.189411
"London","2011","RCI",0.188889
"London","2011","RCI",0.189224
"London","2011","RCI",0.190006
"London","2011","RCI",0.189141
"London","2011","RCI",0.189468
"London","2011","RCI",0.189004
"London","2011","RCI",0.188801
"London","2011","RCI",0.189177
"London","2011","RCI",0.189648
"London","2011","RCI",0.189453
"London","2011","RCI",0.188831
"London","2011","RCI",0.189556
"London","2011","RCI",0.189167
"London","2011","RCI",0.189179
"London","2011","RCI",0.189554
"London","2011","RCI",0.189488
"London","2011","RCI",0.189538
"London","2011","RCI",0.189583
"London","2011","RCI",0.189772
"London","2011","RCI",0.188936
"London","2011","RCI",0.18863
"London","2011","RCI",0.189002
"London","2001","D",0.416631
"London","2001","D",0.416854
"London","2001","D",0.416238
"London","2001","D",0.416627
"London","2001","D",0.416563
"London","2001","D",0.41639
"London","2001","D",0.416057
"London","2001","D",0.416731
"London","2001","D",0.417053
"London","2001","D",0.41697
"London","2001","D",0.417035
"London","2001","D",0.416671
"London","2001","D",0.416922
"London","2001","D",0.417116
"London","2001","D",0.41684
"London","2001","D",0.416366
"London","2001","D",0.416085
"London","2001","D",0.416338
"London","2001","D",0.416649
"London","2001","D",0.416486
"London","2001","D",0.416164
"London","2001","D",0.416695
"London","2001","D",0.417102
"London","2001","D",0.416821
"London","2001","D",0.417012
"London","2001","D",0.417174
"London","2001","D",0.416921
"London","2001","D",0.416702
"London","2001","D",0.416439
"London","2001","D",0.417232
"London","2001","D",0.416186
"London","2001","D",0.416772
"London","2001","D",0.416043
"London","2001","D",0.416024
"London","2001","D",0.416838
"London","2001","D",0.416952
"London","2001","D",0.416409
"London","2001","D",0.416449
"London","2001","D",0.416962
"London","2001","D",0.416368
"London","2001","D",0.416997
"London","2001","D",0.416275
"London","2001","D",0.416261
"London","2001","D",0.416467
"London","2001","D",0.415739
"London","2001","D",0.416576
"London","2001","D",0.41664
"London","2001","D",0.416714
"London","2001","D",0.41689
"London","2001","D",0.416912
"London","2001","D",0.416821
"London","2001","D",0.416341
"London","2001","D",0.416881
"London","2001","D",0.416952
"London","2001","D",0.416713
"London","2001","D",0.416566
"London","2001","D",0.416959
"London","2001","D",0.416908
"London","2001","D",0.416443
"London","2001","D",0.416613
"London","2001","D",0.416669
"London","2001","D",0.416348
"London","2001","D",0.416835
"London","2001","D",0.416646
"London","2001","D",0.416618
"London","2001","D",0.416762
"London","2001","D",0.416366
"London","2001","D",0.416772
"London","2001","D",0.417457
"London","2001","D",0.416374
"London","2001","D",0.4167
"London","2001","D",0.417087
"London","2001","D",0.41645
"London","2001","D",0.417009
"London","2001","D",0.417385
"London","2001","D",0.41625
"London","2001","D",0.416732
"London","2001","D",0.416359
"London","2001","D",0.416506
"London","2001","D",0.416621
"London","2001","D",0.416617
"London","2001","D",0.416884
"London","2001","D",0.416686
"London","2001","D",0.416578
"London","2001","D",0.415781
"London","2001","D",0.416403
"London","2001","D",0.416631
"London","2001","D",0.417076
"London","2001","D",0.416628
"London","2001","D",0.416681
"London","2001","D",0.416368
"London","2001","D",0.416576
"London","2001","D",0.416147
"London","2001","D",0.41679
"London","2001","D",0.415998
"London","2001","D",0.416375
"London","2001","D",0.417142
"London","2001","D",0.416504
"London","2001","D",0.416982
"London","2001","D",0.416338
"London","2001","D",0.416777
"London","2001","D",0.417328
"London","2001","D",0.416769
"London","2001","D",0.416759
"London","2001","D",0.416813
"London","2001","D",0.416713
"London","2001","D",0.416634
"London","2001","D",0.416967
"London","2001","D",0.416573
"London","2001","D",0.41645
"London","2001","D",0.416541
"London","2001","D",0.41665
"London","2001","D",0.416748
"London","2001","D",0.416718
"London","2001","D",0.416531
"London","2001","D",0.416472
"London","2001","D",0.416824
"London","2001","D",0.416558
"London","2001","D",0.416764
"London","2001","D",0.41635
"London","2001","D",0.416886
"London","2001","D",0.416769
"London","2001","D",0.41699
"London","2001","D",0.417244
"London","2001","D",0.417016
"London","2001","D",0.416469
"London","2001","D",0.416416
"London","2001","D",0.416579
"London","2001","D",0.416913
"London","2001","D",0.41701
"London","2001","D",0.416619
"London","2001","D",0.416871
"London","2001","D",0.41677
"London","2001","D",0.416784
"London","2001","D",0.416108
"London","2001","D",0.416467
"London","2001","D",0.416774
"London","2001","D",0.416748
"London","2001","D",0.416665
"London","2001","D",0.416589
"London","2001","D",0.416646
"London","2001","D",0.416067
"London","2001","D",0.416455
"London","2001","D",0.416365
"London","2001","D",0.415946
"London","2001","D",0.416216
"London","2001","D",0.416106
"London","2001","D",0.41647
"London","2001","D",0.416385
"London","2001","D",0.415939
"London","2001","D",0.41574
"London","2001","D",0.416559
"London","2001","D",0.416555
"London","2001","D",0.416757
"London","2001","D",0.416558
"London","2001","D",0.416826
"London","2001","D",0.416889
"London","2001","D",0.416712
"London","2001","D",0.416894
"London","2001","D",0.416771
"London","2001","D",0.417018
"London","2001","D",0.416957
"London","2001","D",0.416534
"London","2001","D",0.416619
"London","2001","D",0.416618
"London","2001","D",0.41626
"London","2001","D",0.41686
"London","2001","D",0.416217
"London","2001","D",0.41625
"London","2001","D",0.416649
"London","2001","D",0.416479
"London","2001","D",0.416183
"London","2001","D",0.416455
"London","2001","D",0.416713
"London","2001","D",0.416664
"London","2001","D",0.416867
"London","2001","D",0.417041
"London","2001","D",0.417252
"London","2001","D",0.416934
"London","2001","D",0.417395
"London","2001","D",0.417094
"London","2001","D",0.417343
"London","2001","D",0.41743
"London","2001","D",0.417227
"London","2001","D",0.417355
"London","2001","D",0.417015
"London","2001","D",0.417403
"London","2001","D",0.417357
"London","2001","D",0.416561
"London","2001","D",0.416497
"London","2001","D",0.417076
"London","2001","D",0.416644
"London","2001","D",0.416799
"London","2001","D",0.416638
"London","2001","D",0.417327
"London","2001","D",0.416595
"London","2001","D",0.416431
"London","2001","D",0.415707
"London","2001","D",0.416207
"London","2001","D",0.416648
"London","2001","D",0.416994
"London","2001","D",0.416614
"London","2001","D",0.41697
"London","2001","D",0.416507
"London","2001","D",0.416458
"London","2001","D",0.416987
"London","2001","D",0.416849
"London","2001","D",0.416839
"London","2001","D",0.41629
"London","2001","D",0.416455
"London","2001","D",0.416751
"London","2001","D",0.417115
"London","2001","D",0.416722
"London","2001","D",0.41647
"London","2001","D",0.416597
"London","2001","D",0.417126
"London","2001","D",0.417083
"London","2001","D",0.41681
"London","2001","D",0.417246
"London","2001","D",0.416689
"London","2001","D",0.416679
"London","2001","D",0.416254
"London","2001","D",0.415905
"London","2001","D",0.417047
"London","2001","D",0.416348
"London","2001","D",0.417062
"London","2001","D",0.416732
"London","2001","D",0.416502
"London","2001","D",0.416678
"London","2001","D",0.416593
"London","2001","D",0.417297
"London","2001","D",0.41717
"London","2001","D",0.416766
"London","2001","D",0.417349
"London","2001","D",0.417418
"London","2001","D",0.416552
"London","2001","D",0.416733
"London","2001","D",0.416976
"London","2001","D",0.416921
"London","2001","D",0.416991
"London","2001","D",0.416422
"London","2001","D",0.416413
"London","2001","D",0.417252
"London","2001","D",0.416637
"London","2001","D",0.416793
"London","2001","D",0.416911
"London","2001","D",0.416315
"London","2001","D",0.416668
"London","2001","D",0.416854
"London","2001","D",0.416651
"London","2001","D",0.416118
"London","2001","D",0.416332
"London","2001","D",0.416674
"London","2001","D",0.417046
"London","2001","D",0.416667
"London","2001","D",0.416629
"London","2001","D",0.416185
"London","2001","D",0.416537
"London","2001","D",0.416637
"London","2001","D",0.417263
"London","2001","D",0.41756
"London","2001","D",0.417028
"London","2001","D",0.416641
"London","2001","D",0.416483
"London","2001","D",0.416055
"London","2001","D",0.416315
"London","2001","D",0.416662
"London","2001","D",0.416284
"London","2001","D",0.416859
"London","2001","D",0.41647
"London","2001","D",0.41653
"London","2001","D",0.416744
"London","2001","D",0.416758
"London","2001","D",0.416707
"London","2001","D",0.416932
"London","2001","D",0.416367
"London","2001","D",0.416244
"London","2001","D",0.416176
"London","2001","D",0.416432
"London","2001","D",0.416563
"London","2001","D",0.416663
"London","2001","D",0.417091
"London","2001","D",0.416368
"London","2001","D",0.416437
"London","2001","D",0.416295
"London","2001","D",0.416269
"London","2001","D",0.417105
"London","2001","D",0.416136
"London","2001","D",0.416853
"London","2001","D",0.416953
"London","2001","D",0.416988
"London","2001","D",0.416578
"London","2001","D",0.417654
"London","2001","D",0.417024
"London","2001","D",0.416455
"London","2001","D",0.41706
"London","2001","D",0.416678
"London","2001","D",0.416981
"London","2001","D",0.416532
"London","2001","D",0.41666
"London","2001","D",0.417457
"London","2001","D",0.416513
"London","2001","D",0.417177
"London","2001","D",0.416944
"London","2001","D",0.416481
"London","2001","D",0.416353
"London","2001","D",0.417305
"London","2001","D",0.417262
"London","2001","D",0.416996
"London","2001","D",0.416841
"London","2001","D",0.417225
"London","2001","D",0.416498
"London","2001","D",0.416768
"London","2001","D",0.416713
"London","2001","D",0.417097
"London","2001","D",0.416353
"London","2001","D",0.4171
"London","2001","D",0.416689
"London","2001","D",0.416938
"London","2001","D",0.417269
"London","2001","D",0.416783
"London","2001","D",0.416889
"London","2001","D",0.416644
"London","2001","D",0.416893
"London","2001","D",0.417046
"London","2001","D",0.417381
"London","2001","D",0.416726
"London","2001","D",0.417386
"London","2001","D",0.416651
"London","2001","D",0.417014
"London","2001","D",0.416359
"London","2001","D",0.41684
"London","2001","D",0.416799
"London","2001","D",0.416213
"London","2001","D",0.416572
"London","2001","D",0.416898
"London","2001","D",0.416711
"London","2001","D",0.416003
"London","2001","D",0.4168
"London","2001","D",0.415994
"London","2001","D",0.416692
"London","2001","D",0.417036
"London","2001","D",0.417296
"London","2001","D",0.417365
"London","2001","D",0.416813
"London","2001","D",0.416958
"London","2001","D",0.416464
"London","2001","D",0.416999
"London","2001","D",0.416953
"London","2001","D",0.416409
"London","2001","D",0.416696
"London","2001","D",0.416549
"London","2001","D",0.416466
"London","2001","D",0.417462
"London","2001","D",0.417018
"London","2001","D",0.416292
"London","2001","D",0.416678
"London","2001","D",0.417032
"London","2001","D",0.417082
"London","2001","D",0.416976
"London","2001","D",0.416818
"London","2001","D",0.416997
"London","2001","D",0.416879
"London","2001","D",0.416808
"London","2001","D",0.416458
"London","2001","D",0.41715
"London","2001","D",0.417105
"London","2001","D",0.416067
"London","2001","D",0.416759
"London","2001","D",0.416719
"London","2001","D",0.416641
"London","2001","D",0.416296
"London","2001","D",0.415991
"London","2001","D",0.416461
"London","2001","D",0.416318
"London","2001","D",0.416776
"London","2001","D",0.416842
"London","2001","D",0.41719
"London","2001","D",0.416818
"London","2001","D",0.416313
"London","2001","D",0.416259
"London","2001","D",0.41672
"London","2001","D",0.416837
"London","2001","D",0.41706
"London","2001","D",0.417123
"London","2001","D",0.416925
"London","2001","D",0.416952
"London","2001","D",0.417149
"London","2001","D",0.416857
"London","2001","D",0.417617
"London","2001","D",0.417372
"London","2001","D",0.417017
"London","2001","D",0.41729
"London","2001","D",0.416718
"London","2001","D",0.41708
"London","2001","D",0.417115
"London","2001","D",0.41697
"London","2001","D",0.4167
"London","2001","D",0.416939
"London","2001","D",0.416769
"London","2001","D",0.416917
"London","2001","D",0.417139
"London","2001","D",0.417144
"London","2001","D",0.417397
"London","2001","D",0.416737
"London","2001","D",0.417172
"London","2001","D",0.41675
"London","2001","D",0.416574
"London","2001","D",0.416753
"London","2001","D",0.417566
"London","2001","D",0.417043
"London","2001","D",0.417283
"London","2001","D",0.416219
"London","2001","D",0.416873
"London","2001","D",0.416888
"London","2001","D",0.417222
"London","2001","D",0.416785
"London","2001","D",0.41701
"London","2001","D",0.417001
"London","2001","D",0.416608
"London","2001","D",0.416465
"London","2001","D",0.416816
"London","2001","D",0.417022
"London","2001","D",0.417067
"London","2001","D",0.417602
"London","2001","D",0.417049
"London","2001","D",0.416533
"London","2001","D",0.416818
"London","2001","D",0.417301
"London","2001","D",0.416538
"London","2001","D",0.416393
"London","2001","D",0.416252
"London","2001","D",0.416415
"London","2001","D",0.416867
"London","2001","D",0.41664
"London","2001","D",0.41697
"London","2001","D",0.416712
"London","2001","D",0.416096
"London","2001","D",0.416672
"London","2001","D",0.416496
"London","2001","D",0.416933
"London","2001","D",0.41656
"London","2001","D",0.417171
"London","2001","D",0.416584
"London","2001","D",0.41676
"London","2001","D",0.416406
"London","2001","D",0.416901
"London","2001","D",0.416978
"London","2001","D",0.416425
"London","2001","D",0.415992
"London","2001","D",0.416513
"London","2001","D",0.416275
"London","2001","D",0.416729
"London","2001","D",0.415653
"London","2001","D",0.415982
"London","2001","D",0.417075
"London","2001","D",0.416478
"London","2001","D",0.416291
"London","2001","D",0.416411
"London","2001","D",0.416399
"London","2001","D",0.417068
"London","2001","D",0.416602
"London","2001","D",0.416602
"London","2001","D",0.416738
"London","2001","D",0.416911
"London","2001","D",0.416606
"London","2001","D",0.417018
"London","2001","D",0.416738
"London","2001","D",0.417054
"London","2001","D",0.417226
"London","2001","D",0.417404
"London","2001","D",0.416922
"London","2001","D",0.417019
"London","2001","D",0.416857
"London","2001","D",0.417231
"London","2001","D",0.416681
"London","2001","D",0.416649
"London","2001","D",0.416485
"London","2001","D",0.416574
"London","2001","D",0.41673
"London","2001","D",0.416683
"London","2001","D",0.416108
"London","2001","D",0.416855
"London","2001","D",0.416843
"London","2001","D",0.416666
"London","2001","D",0.41735
"London","2001","D",0.417133
"London","2001","D",0.417057
"London","2001","D",0.417487
"London","2001","D",0.417373
"London","2001","D",0.416718
"London","2001","D",0.416684
"London","2001","D",0.416778
"London","2001","D",0.416611
"London","2001","D",0.416883
"London","2001","D",0.416498
"London","2001","D",0.417016
"London","2001","D",0.416637
"London","2001","D",0.416916
"London","2001","D",0.416998
"London","2011","D",0.388409
"London","2011","D",0.388101
"London","2011","D",0.388028
"London","2011","D",0.388478
"London","2011","D",0.388165
"London","2011","D",0.388502
"London","2011","D",0.38823
"London","2011","D",0.388599
"London","2011","D",0.388066
"London","2011","D",0.387889
"London","2011","D",0.388524
"London","2011","D",0.388332
"London","2011","D",0.388041
"London","2011","D",0.388018
"London","2011","D",0.388105
"London","2011","D",0.388708
"London","2011","D",0.388454
"London","2011","D",0.388301
"London","2011","D",0.388165
"London","2011","D",0.387962
"London","2011","D",0.38791
"London","2011","D",0.388134
"London","2011","D",0.388241
"London","2011","D",0.387948
"London","2011","D",0.388464
"London","2011","D",0.388351
"London","2011","D",0.38841
"London","2011","D",0.38776
"London","2011","D",0.387897
"London","2011","D",0.388523
"London","2011","D",0.387706
"London","2011","D",0.388752
"London","2011","D",0.388354
"London","2011","D",0.388253
"London","2011","D",0.388475
"London","2011","D",0.388101
"London","2011","D",0.387958
"London","2011","D",0.388415
"London","2011","D",0.388275
"London","2011","D",0.387886
"London","2011","D",0.388532
"London","2011","D",0.388471
"London","2011","D",0.388011
"London","2011","D",0.388234
"London","2011","D",0.387755
"London","2011","D",0.388202
"London","2011","D",0.387984
"London","2011","D",0.388243
"London","2011","D",0.388005
"London","2011","D",0.387679
"London","2011","D",0.38758
"London","2011","D",0.388238
"London","2011","D",0.388785
"London","2011","D",0.387882
"London","2011","D",0.388069
"London","2011","D",0.388001
"London","2011","D",0.388176
"London","2011","D",0.387914
"London","2011","D",0.387905
"London","2011","D",0.388388
"London","2011","D",0.38846
"London","2011","D",0.387971
"London","2011","D",0.388319
"London","2011","D",0.388033
"London","2011","D",0.387837
"London","2011","D",0.387919
"London","2011","D",0.387711
"London","2011","D",0.388128
"London","2011","D",0.388156
"London","2011","D",0.388156
"London","2011","D",0.388126
"London","2011","D",0.38839
"London","2011","D",0.387831
"London","2011","D",0.387746
"London","2011","D",0.388308
"London","2011","D",0.387481
"London","2011","D",0.3879
"London","2011","D",0.387947
"London","2011","D",0.387794
"London","2011","D",0.387826
"London","2011","D",0.387776
"London","2011","D",0.388851
"London","2011","D",0.388368
"London","2011","D",0.388488
"London","2011","D",0.387728
"London","2011","D",0.38818
"London","2011","D",0.388245
"London","2011","D",0.388039
"London","2011","D",0.388015
"London","2011","D",0.387693
"London","2011","D",0.388249
"London","2011","D",0.388207
"London","2011","D",0.387729
"London","2011","D",0.387848
"London","2011","D",0.388163
"London","2011","D",0.388167
"London","2011","D",0.38785
"London","2011","D",0.387612
"London","2011","D",0.388031
"London","2011","D",0.387935
"London","2011","D",0.388245
"London","2011","D",0.388212
"London","2011","D",0.387726
"London","2011","D",0.388564
"London","2011","D",0.388044
"London","2011","D",0.388166
"London","2011","D",0.387843
"London","2011","D",0.38854
"London","2011","D",0.388179
"London","2011","D",0.388375
"London","2011","D",0.388038
"London","2011","D",0.387999
"London","2011","D",0.388602
"London","2011","D",0.388284
"London","2011","D",0.387749
"London","2011","D",0.387714
"London","2011","D",0.388363
"London","2011","D",0.38805
"London","2011","D",0.387786
"London","2011","D",0.387419
"London","2011","D",0.387896
"London","2011","D",0.387867
"London","2011","D",0.387824
"London","2011","D",0.387817
"London","2011","D",0.387823
"London","2011","D",0.387716
"London","2011","D",0.388158
"London","2011","D",0.388134
"London","2011","D",0.388133
"London","2011","D",0.387772
"London","2011","D",0.388217
"London","2011","D",0.388143
"London","2011","D",0.388394
"London","2011","D",0.388087
"London","2011","D",0.388326
"London","2011","D",0.388717
"London","2011","D",0.388062
"London","2011","D",0.387459
"London","2011","D",0.387807
"London","2011","D",0.388494
"London","2011","D",0.388255
"London","2011","D",0.388131
"London","2011","D",0.388182
"London","2011","D",0.388476
"London","2011","D",0.388367
"London","2011","D",0.38844
"London","2011","D",0.38826
"London","2011","D",0.388895
"London","2011","D",0.388333
"London","2011","D",0.38794
"London","2011","D",0.388124
"London","2011","D",0.388609
"London","2011","D",0.388403
"London","2011","D",0.388268
"London","2011","D",0.387766
"London","2011","D",0.387977
"London","2011","D",0.388166
"London","2011","D",0.387783
"London","2011","D",0.387842
"London","2011","D",0.387873
"London","2011","D",0.388481
"London","2011","D",0.388079
"London","2011","D",0.387997
"London","2011","D",0.388106
"London","2011","D",0.388075
"London","2011","D",0.388247
"London","2011","D",0.38903
"London","2011","D",0.388466
"London","2011","D",0.388437
"London","2011","D",0.387589
"London","2011","D",0.388455
"London","2011","D",0.3885
"London","2011","D",0.388247
"London","2011","D",0.388289
"London","2011","D",0.388034
"London","2011","D",0.387969
"London","2011","D",0.388144
"London","2011","D",0.387938
"London","2011","D",0.388221
"London","2011","D",0.3877
"London","2011","D",0.388102
"London","2011","D",0.387634
"London","2011","D",0.38756
"London","2011","D",0.38742
"London","2011","D",0.387672
"London","2011","D",0.387741
"London","2011","D",0.387904
"London","2011","D",0.387756
"London","2011","D",0.38842
"London","2011","D",0.387723
"London","2011","D",0.388557
"London","2011","D",0.388472
"London","2011","D",0.388452
"London","2011","D",0.387649
"London","2011","D",0.388359
"London","2011","D",0.388308
"London","2011","D",0.388339
"London","2011","D",0.388404
"London","2011","D",0.388462
"London","2011","D",0.388553
"London","2011","D",0.388227
"London","2011","D",0.388373
"London","2011","D",0.388366
"London","2011","D",0.387919
"London","2011","D",0.38754
"London","2011","D",0.387803
"London","2011","D",0.388106
"London","2011","D",0.388028
"London","2011","D",0.38767
"London","2011","D",0.388327
"London","2011","D",0.387649
"London","2011","D",0.387869
"London","2011","D",0.38769
"London","2011","D",0.38803
"London","2011","D",0.38796
"London","2011","D",0.38816
"London","2011","D",0.388442
"London","2011","D",0.388447
"London","2011","D",0.388143
"London","2011","D",0.388527
"London","2011","D",0.388124
"London","2011","D",0.388231
"London","2011","D",0.388151
"London","2011","D",0.388466
"London","2011","D",0.388155
"London","2011","D",0.388671
"London","2011","D",0.388622
"London","2011","D",0.388139
"London","2011","D",0.388031
"London","2011","D",0.388217
"London","2011","D",0.3882
"London","2011","D",0.387758
"London","2011","D",0.387742
"London","2011","D",0.38834
"London","2011","D",0.388225
"London","2011","D",0.387565
"London","2011","D",0.387827
"London","2011","D",0.387699
"London","2011","D",0.387682
"London","2011","D",0.388172
"London","2011","D",0.388623
"London","2011","D",0.388118
"London","2011","D",0.388165
"London","2011","D",0.388023
"London","2011","D",0.388271
"London","2011","D",0.388218
"London","2011","D",0.388053
"London","2011","D",0.388183
"London","2011","D",0.387917
"London","2011","D",0.388143
"London","2011","D",0.38889
"London","2011","D",0.388078
"London","2011","D",0.388217
"London","2011","D",0.387844
"London","2011","D",0.387826
"London","2011","D",0.387825
"London","2011","D",0.388014
"London","2011","D",0.387643
"London","2011","D",0.387733
"London","2011","D",0.38776
"London","2011","D",0.387691
"London","2011","D",0.387955
"London","2011","D",0.388325
"London","2011","D",0.388156
"London","2011","D",0.389068
"London","2011","D",0.388696
"London","2011","D",0.388173
"London","2011","D",0.387782
"London","2011","D",0.388365
"London","2011","D",0.387831
"London","2011","D",0.388043
"London","2011","D",0.38828
"London","2011","D",0.388398
"London","2011","D",0.38825
"London","2011","D",0.388418
"London","2011","D",0.38836
"London","2011","D",0.388125
"London","2011","D",0.388454
"London","2011","D",0.388347
"London","2011","D",0.388022
"London","2011","D",0.387808
"London","2011","D",0.388176
"London","2011","D",0.387795
"London","2011","D",0.388428
"London","2011","D",0.388621
"London","2011","D",0.387834
"London","2011","D",0.38791
"London","2011","D",0.388007
"London","2011","D",0.388236
"London","2011","D",0.388354
"London","2011","D",0.387844
"London","2011","D",0.387539
"London","2011","D",0.38798
"London","2011","D",0.387562
"London","2011","D",0.387979
"London","2011","D",0.388481
"London","2011","D",0.387916
"London","2011","D",0.388123
"London","2011","D",0.387864
"London","2011","D",0.387997
"London","2011","D",0.387811
"London","2011","D",0.387972
"London","2011","D",0.388017
"London","2011","D",0.388139
"London","2011","D",0.387664
"London","2011","D",0.38752
"London","2011","D",0.387849
"London","2011","D",0.387537
"London","2011","D",0.388063
"London","2011","D",0.388192
"London","2011","D",0.388515
"London","2011","D",0.387932
"London","2011","D",0.388549
"London","2011","D",0.387967
"London","2011","D",0.388142
"London","2011","D",0.387807
"London","2011","D",0.388119
"London","2011","D",0.388343
"London","2011","D",0.387969
"London","2011","D",0.387881
"London","2011","D",0.38825
"London","2011","D",0.387689
"London","2011","D",0.387798
"London","2011","D",0.388208
"London","2011","D",0.387846
"London","2011","D",0.388134
"London","2011","D",0.387458
"London","2011","D",0.38783
"London","2011","D",0.387655
"London","2011","D",0.388303
"London","2011","D",0.388385
"London","2011","D",0.388019
"London","2011","D",0.388311
"London","2011","D",0.387752
"London","2011","D",0.388599
"London","2011","D",0.388515
"London","2011","D",0.388491
"London","2011","D",0.388274
"London","2011","D",0.388119
"London","2011","D",0.387876
"London","2011","D",0.387905
"London","2011","D",0.387911
"London","2011","D",0.388387
"London","2011","D",0.388087
"London","2011","D",0.387751
"London","2011","D",0.388165
"London","2011","D",0.387937
"London","2011","D",0.388228
"London","2011","D",0.388072
"London","2011","D",0.38761
"London","2011","D",0.388012
"London","2011","D",0.387795
"London","2011","D",0.388275
"London","2011","D",0.388449
"London","2011","D",0.388342
"London","2011","D",0.388009
"London","2011","D",0.388367
"London","2011","D",0.388031
"London","2011","D",0.388328
"London","2011","D",0.38801
"London","2011","D",0.387903
"London","2011","D",0.388231
"London","2011","D",0.388645
"London","2011","D",0.388179
"London","2011","D",0.387645
"London","2011","D",0.388218
"London","2011","D",0.388447
"London","2011","D",0.387875
"London","2011","D",0.388028
"London","2011","D",0.387715
"London","2011","D",0.388119
"London","2011","D",0.388139
"London","2011","D",0.387468
"London","2011","D",0.387994
"London","2011","D",0.387817
"London","2011","D",0.388351
"London","2011","D",0.388063
"London","2011","D",0.388226
"London","2011","D",0.388384
"London","2011","D",0.388337
"London","2011","D",0.387808
"London","2011","D",0.387988
"London","2011","D",0.388136
"London","2011","D",0.388354
"London","2011","D",0.387458
"London","2011","D",0.388151
"London","2011","D",0.388091
"London","2011","D",0.388505
"London","2011","D",0.388697
"London","2011","D",0.388171
"London","2011","D",0.387676
"London","2011","D",0.387214
"London","2011","D",0.388189
"London","2011","D",0.388696
"London","2011","D",0.387857
"London","2011","D",0.388259
"London","2011","D",0.387803
"London","2011","D",0.387891
"London","2011","D",0.388186
"London","2011","D",0.388225
"London","2011","D",0.387795
"London","2011","D",0.387859
"London","2011","D",0.387476
"London","2011","D",0.388324
"London","2011","D",0.388463
"London","2011","D",0.387999
"London","2011","D",0.38789
"London","2011","D",0.388002
"London","2011","D",0.388015
"London","2011","D",0.388743
"London","2011","D",0.387633
"London","2011","D",0.38816
"London","2011","D",0.387441
"London","2011","D",0.38847
"London","2011","D",0.388141
"London","2011","D",0.388288
"London","2011","D",0.387686
"London","2011","D",0.388103
"London","2011","D",0.388293
"London","2011","D",0.388257
"London","2011","D",0.388492
"London","2011","D",0.388246
"London","2011","D",0.388364
"London","2011","D",0.388246
"London","2011","D",0.387881
"London","2011","D",0.388203
"London","2011","D",0.387697
"London","2011","D",0.387968
"London","2011","D",0.388319
"London","2011","D",0.388125
"London","2011","D",0.388394
"London","2011","D",0.387995
"London","2011","D",0.388065
"London","2011","D",0.388196
"London","2011","D",0.388184
"London","2011","D",0.388098
"London","2011","D",0.388206
"London","2011","D",0.388131
"London","2011","D",0.388419
"London","2011","D",0.387915
"London","2011","D",0.388514
"London","2011","D",0.388031
"London","2011","D",0.388047
"London","2011","D",0.387526
"London","2011","D",0.387923
"London","2011","D",0.387647
"London","2011","D",0.388196
"London","2011","D",0.3886
"London","2011","D",0.388177
"London","2011","D",0.387987
"London","2011","D",0.388615
"London","2011","D",0.388336
"London","2011","D",0.388172
"London","2011","D",0.387976
"London","2011","D",0.388116
"London","2011","D",0.38818
"London","2011","D",0.388434
"London","2011","D",0.388256
"London","2011","D",0.387748
"London","2011","D",0.388283
"London","2011","D",0.388651
"London","2011","D",0.388075
"London","2011","D",0.387862
"London","2011","D",0.388605
"London","2011","D",0.38869
"London","2011","D",0.388357
"London","2011","D",0.388091
"London","2011","D",0.388659
"London","2011","D",0.38773
"London","2011","D",0.387728
"London","2011","D",0.387762
"London","2011","D",0.387841
"London","2011","D",0.387977
"London","2011","D",0.388326
"London","2011","D",0.388016
"London","2011","D",0.388053
"London","2011","D",0.387199
"London","2011","D",0.388561
"London","2011","D",0.387903
"London","2011","D",0.388
"London","2011","D",0.388023
"London","2011","D",0.388502
"London","2011","D",0.388355
"London","2011","D",0.388048
"London","2011","D",0.38781
"London","2011","D",0.388149
"London","2011","D",0.388241
"London","2011","D",0.388222
"London","2011","D",0.388118
"London","2011","D",0.388401
"London","2011","D",0.388157
"London","2011","D",0.387446
"London","2011","D",0.388072
"London","2011","D",0.388035
"London","2011","D",0.388222
"London","2011","D",0.38823
"London","2011","D",0.388297
"London","2011","D",0.387784
"London","2011","D",0.387877
"London","2011","D",0.388022
